lbf,mlb,lbob,mlst,dtrange,pd,belong_to
1,2.1100000000000003,47.550522236238734,0.0,138.527266864,40.50220328107463,95.0
1,1.2400000000000002,62.53315664790614,0.0,175.589465854,45.929140262466596,5.0
1,2.2299999999999995,48.36295807271096,0.0,113.575330482,34.29487857553522,57.0
1,3.69999999999999,63.30231225725622,0.9844718812711151,168.009093764,56.990968547158026,3.0
1,3.69999999999999,50.0489614907847,2.4794639943902252,168.312010415,56.990968547158026,4.0
1,3.69999999999999,54.16730286312031,7.502419548532254,172.163987818,56.990968547158026,5.0
1,3.69999999999999,26.736816871972714,5.985450148399796,171.099357622,56.990968547158026,6.0
1,1.8700000000000008,68.21821059105366,0.0,139.794795811,36.969215876624965,52.0
1,3.69999999999999,48.902134392886964,2.909741161562347,192.091840368,56.990968547158026,8.0
1,3.69999999999999,67.50281652132892,6.372887479968606,162.605148678,56.990968547158026,9.0
1,3.69999999999999,36.298913674601955,2.4015979281637256,163.608363021,56.990968547158026,10.0
1,3.69999999999999,45.56665467566789,5.085018918231441,171.206687378,56.990968547158026,11.0
1,1.3600000000000003,68.94392612953519,0.0,139.214091256,43.61257383777682,37.0
1,2.799999999999996,59.21103551009534,0.0,112.567911225,42.50795625689194,67.0
1,2.0800000000000005,40.16975176405405,0.0,132.427387978,38.97944098839728,52.0
1,0,34.31639555797422,0,168.821363327,52.16776991969099,
1,1.9300000000000008,39.30085944351275,0.0,147.194546527,44.10898092878179,42.0
1,1.7800000000000007,38.33648476066422,0.0,127.952226478,35.755030964842575,38.0
1,3.69999999999999,32.0602658252742,3.7857976884125875,217.565943236,56.990968547158026,18.0
1,3.69999999999999,52.60037622142042,6.056065611345802,227.22197522,56.990968547158026,19.0
1,3.69999999999999,33.18842906199046,2.312511175944946,170.21524586,56.990968547158026,20.0
1,3.69999999999999,54.158638398173615,2.045555073595202,184.732509967,56.990968547158026,21.0
1,1.3000000000000003,47.5279755057529,0.0,198.98025208,45.78379584392911,82.0
1,2.289999999999999,48.294624749980855,0.0,128.026604286,42.9015042209319,4.0
1,3.69999999999999,32.51539629705327,6.0172475202802,155.515684474,56.990968547158026,24.0
1,3.69999999999999,54.086045341078375,4.864234549581019,225.558169355,56.990968547158026,25.0
1,3.69999999999999,50.875169767269625,9.773493988247695,224.392622537,56.990968547158026,26.0
1,2.499999999999998,43.46922567333637,0.0,84.4752737882,33.78058294071026,77.0
1,3.69999999999999,41.37177622932938,5.636598748301989,200.807886306,56.990968547158026,28.0
1,1.9600000000000009,57.4403087014432,0.0,132.924412042,42.15689358442448,3.0
1,3.0399999999999943,40.761079940536284,0.0,99.7213480203,46.59101638380654,19.0
1,2.3799999999999986,48.36464334085899,0.0,146.281199375,42.90150422093192,95.0
1,3.69999999999999,39.22127345775506,1.250564572749657,163.313772291,56.990968547158026,32.0
1,1.9900000000000009,52.27324631607365,0.0,139.095627866,42.59516290801444,46.0
1,3.69999999999999,50.84527350126896,3.027794868770042,167.385973275,56.990968547158026,34.0
1,2.020000000000001,50.22511644745798,0.0,112.756737254,38.069361321554865,52.0
1,3.69999999999999,55.47581469998304,3.409340314336398,233.014076768,56.990968547158026,36.0
1,3.69999999999999,41.54719338611041,3.68337325821509,171.113073218,56.990968547158026,37.0
1,3.69999999999999,49.5046048504117,8.319756333240397,170.959430631,56.990968547158026,38.0
1,3.69999999999999,59.499769337556494,3.5633394554898183,160.961420412,56.990968547158026,39.0
1,3.69999999999999,56.98088046862201,8.705237110826863,164.08771684,56.990968547158026,40.0
1,2.319999999999999,53.886505196851715,0.0,69.7854408392,35.27874848563513,21.0
1,3.69999999999999,66.29199196506826,9.018258138329314,265.945975648,56.990968547158026,42.0
1,3.69999999999999,34.50815068589978,7.715802708588333,176.356603537,56.990968547158026,43.0
1,3.69999999999999,48.13590104049473,2.571755888825588,176.007986276,56.990968547158026,44.0
1,3.69999999999999,54.31697022994947,4.479409698515846,162.077546481,56.990968547158026,45.0
1,3.69999999999999,39.29614893253055,4.246708798504891,188.845045701,56.990968547158026,46.0
1,3.69999999999999,34.65354658131088,4.582407845776007,207.355597941,56.990968547158026,47.0
1,3.69999999999999,48.064365032407906,0.4492424831570189,164.3242227,56.990968547158026,48.0
1,3.69999999999999,55.02143250184537,4.123898347091798,255.655613002,56.990968547158026,49.0
1,2.17,32.93612458306525,0.0,115.384944339,38.8586933176123,99.0
1,3.69999999999999,67.37662977692678,3.004963876408205,164.144055428,56.990968547158026,51.0
1,3.69999999999999,66.70025298153476,6.125134712086549,212.069140405,56.990968547158026,52.0
1,3.69999999999999,66.19999120445232,9.481698154648392,305.675420876,56.990968547158026,53.0
1,1.8700000000000008,35.1530222889322,0.0,101.161474354,34.88072838564017,26.0
1,3.69999999999999,31.694591388267195,7.930551408757211,180.168350412,56.990968547158026,55.0
1,3.69999999999999,45.58556580105295,2.8861871390059606,174.766305793,56.990968547158026,56.0
1,3.69999999999999,53.80709508548238,4.745574483826382,177.250435392,56.990968547158026,57.0
1,3.69999999999999,54.73055258451811,3.79542211246813,317.499907259,56.990968547158026,58.0
1,3.69999999999999,30.719857657940068,1.864499135618999,166.329158482,56.990968547158026,59.0
1,1.7500000000000007,53.65975392009271,0.0,55.9347248453,22.653908684671315,51.0
1,2.2299999999999995,34.30799619294801,0.0,94.6210012103,34.29487857553522,11.0
1,3.69999999999999,53.372688865357006,4.699448088118671,188.617071541,56.990968547158026,62.0
1,3.69999999999999,53.19698427389513,9.511522363603527,310.781055945,56.990968547158026,63.0
1,2.649999999999997,35.09319547665192,0.0,86.372370048,39.100188659182265,56.0
1,2.17,44.54945167508847,0.0,76.0639514026,38.71334889907481,97.0
1,2.3799999999999986,55.78787876049618,0.0,100.814029905,36.85517640977248,10.0
1,3.69999999999999,59.695815598779745,4.768770026957497,188.278531233,56.990968547158026,67.0
1,3.69999999999999,64.75732287451058,7.749162301329827,221.848504565,56.990968547158026,68.0
1,1.2100000000000002,41.25366311602579,0.0,212.085895042,49.292186500626265,84.0
1,2.769999999999996,35.408963424105515,0.0,110.125328611,44.29681063889178,46.0
1,1.8100000000000007,31.891747045271668,0.0,120.013735734,31.133078455350518,88.0
1,2.3499999999999988,40.38441637754501,0.0,95.2209633234,42.88808781306691,95.0
1,2.919999999999995,37.449292060203476,0.0,84.7249413109,44.67470612708923,56.0
1,2.3499999999999988,49.20992263649213,0.0,149.348714026,40.39487201815465,47.0
1,2.6799999999999966,45.91890598465478,0.0,96.0565602312,43.773570732156834,62.0
1,3.69999999999999,60.39788670835357,2.6451968475454675,168.94426925,56.990968547158026,76.0
1,3.69999999999999,43.33413775292086,7.5329866676280295,190.759746491,56.990968547158026,77.0
1,3.69999999999999,43.15016818759326,3.355920898733683,196.697562882,56.990968547158026,78.0
1,3.69999999999999,37.955310189516396,6.035355651768999,202.980868305,56.990968547158026,79.0
1,3.69999999999999,35.95358289522876,2.4894858548847782,209.519349281,56.990968547158026,80.0
1,1.5400000000000005,37.24853630059063,0.0,111.929285588,31.235937582315504,38.0
1,3.69999999999999,41.048016639347836,2.8244445209658258,222.806363246,56.990968547158026,82.0
1,2.8899999999999952,44.7592961937243,0.0,80.9534336842,44.790981661919226,80.0
1,3.69999999999999,49.27312385209113,2.563740666518063,186.617455909,56.990968547158026,84.0
1,3.69999999999999,45.39759051017824,6.298093371651201,165.66684023,56.990968547158026,85.0
1,3.69999999999999,49.43031716032862,4.8337258411126065,169.843383769,56.990968547158026,86.0
1,3.69999999999999,53.33505756560306,7.860214797087784,150.766624473,56.990968547158026,87.0
1,3.69999999999999,55.71484982635941,8.745462683014503,209.629723886,56.990968547158026,88.0
1,2.17,40.28622245485897,0.0,167.785975632,42.53702514059945,56.0
1,3.69999999999999,37.320315148434325,8.915897431323284,167.887047312,56.990968547158026,90.0
1,2.6799999999999966,50.762937365993274,0.0,90.3343857109,42.47888737318445,44.0
1,3.69999999999999,35.13517576283565,7.857351382535613,199.560939717,56.990968547158026,92.0
1,3.69999999999999,50.570672274453635,3.8035870069964712,158.802732756,56.990968547158026,93.0
1,3.69999999999999,39.921143282411784,0.14043951856648348,167.724046713,56.990968547158026,94.0
1,3.69999999999999,41.222208205960676,5.838822010085774,176.390826312,56.990968547158026,95.0
1,2.6799999999999966,54.80662302104709,0.0,80.623930496,39.69274667321971,28.0
1,3.69999999999999,36.77722968758913,2.2650897583538074,203.678167989,56.990968547158026,97.0
1,1.8400000000000007,49.170204725857815,0.0,111.875432006,40.47089832938964,68.0
1,3.69999999999999,39.95907259328962,6.954443537762532,176.753025198,56.990968547158026,99.0
0.0,3.3399999999999923,43.23568471836092,0.0,0.0,0.0,36.0
0.0,3.069999999999994,69.29139275833377,0.0,0.0,0.0,
0.0,3.6099999999999905,65.41124612375296,0.0,0.0,0.0,90.0
0.0,3.1299999999999937,33.53855782106382,0.0,0.0,0.0,8.0
0.0,3.3399999999999923,40.439172660986884,0.0,0.0,0.0,40.0
0.0,2.8899999999999952,37.097560561442734,0.0,0.0,0.0,56.0
0.0,3.6399999999999904,40.43866776405781,0.0,0.0,0.0,92.0
0.0,3.6399999999999904,54.11113480973661,0.0,0.0,0.0,87.0
0.0,2.1100000000000003,47.54929885774939,0.0,0.0,0.0,36.0
0.0,3.549999999999991,36.8775030377954,0.0,0.0,0.0,24.0
0.0,3.5799999999999907,52.28428904892892,0.0,0.0,0.0,79.0
0.0,3.1599999999999935,34.69585224022998,0.0,0.0,0.0,10.0
0.0,1.9300000000000008,70.23865811475915,0.0,0.0,0.0,36.0
0.0,3.6399999999999904,47.40284816270688,0.0,0.0,0.0,28.0
0.0,1.6900000000000006,55.68064565696948,0.0,0.0,0.0,25.0
0.0,3.219999999999993,24.642034055203354,0.0,0.0,0.0,87.0
0.0,2.020000000000001,45.67987043052296,0.0,0.0,0.0,68.0
0.0,1.5100000000000005,21.003527227428314,0.0,0.0,0.0,84.0
0.0,3.6399999999999904,77.48685380574642,0.0,0.0,0.0,34.0
0.0,3.6399999999999904,35.06090873254254,0.0,0.0,0.0,86.0
0.0,3.099999999999994,33.57684996344766,0.0,0.0,0.0,79.0
0.0,3.6099999999999905,35.15482239133652,0.0,0.0,0.0,52.0
0.0,3.0099999999999945,60.57960556596344,0.0,0.0,0.0,28.0
0.0,2.649999999999997,27.87254281014427,0.0,0.0,0.0,87.0
0.0,3.6399999999999904,38.850400325806014,0.0,0.0,0.0,68.0
0.0,3.219999999999993,35.25753947699614,0.0,0.0,0.0,68.0
0.0,3.519999999999991,46.56237742149065,0.0,0.0,0.0,26.0
0.0,1.4500000000000004,49.9549869074201,0.0,0.0,0.0,84.0
0.0,3.4599999999999915,66.4843646194916,0.0,0.0,0.0,78.0
0.0,3.549999999999991,50.33666878078879,0.0,0.0,0.0,45.0
0.0,1.7500000000000007,43.70518875286111,0.0,0.0,0.0,62.0
0.0,3.369999999999992,44.82437629847436,0.0,0.0,0.0,76.0
0.0,3.519999999999991,56.483011443493474,0.0,0.0,0.0,67.0
0.0,1.2700000000000002,54.604992686191665,0.0,0.0,0.0,99.0
0.0,3.5799999999999907,43.9933253771743,0.0,0.0,0.0,38.0
0.0,3.6399999999999904,46.79916223835391,0.0,0.0,0.0,67.0
0.0,3.369999999999992,51.503909224610005,0.0,0.0,0.0,21.0
0.0,2.2299999999999995,57.12064011427658,0.0,0.0,0.0,95.0
0.0,3.4299999999999917,48.52458781568249,0.0,0.0,0.0,24.0
0.0,2.17,32.24985931917434,0.0,0.0,0.0,52.0
0.0,1.9600000000000009,55.111636528306214,0.0,0.0,0.0,11.0
0.0,3.219999999999993,48.39032461005973,0.0,0.0,0.0,11.0
0.0,3.399999999999992,52.35023543862334,0.0,0.0,0.0,39.0
0.0,2.769999999999996,49.26481383393165,0.0,0.0,0.0,25.0
0.0,1.9600000000000009,35.83770044969435,0.0,0.0,0.0,36.0
0.0,3.6399999999999904,36.66363544692892,0.0,0.0,0.0,62.0
0.0,2.1999999999999997,65.92085823288912,0.0,0.0,0.0,95.0
0.0,1.5700000000000005,49.65929056594864,0.0,0.0,0.0,62.0
0.0,3.369999999999992,53.64254679889282,0.0,0.0,0.0,57.0
0.0,2.4099999999999984,44.208155375443305,0.0,0.0,0.0,37.0
0.0,3.5799999999999907,45.400221523930576,0.0,0.0,0.0,76.0
0.0,3.2799999999999927,53.788194430908064,0.0,0.0,0.0,25.0
0.0,2.8299999999999956,46.418856524183845,0.0,0.0,0.0,52.0
0.0,2.2599999999999993,58.15865546093489,0.0,0.0,0.0,88.0
0.0,2.17,38.111597030032115,0.0,0.0,0.0,4.0
0.0,2.5299999999999976,39.97245051950027,0.0,0.0,0.0,49.0
0.0,2.8899999999999952,40.705579413079995,0.0,0.0,0.0,87.0
0.0,2.9799999999999947,28.87175548894309,0.0,0.0,0.0,40.0
0.0,1.3900000000000003,39.89285948536378,0.0,0.0,0.0,6.0
0.0,3.1899999999999933,33.86842008931522,0.0,0.0,0.0,37.0
0.0,2.649999999999997,44.43959158268293,0.0,0.0,0.0,37.0
0.0,1.8700000000000008,50.45584923219081,0.0,0.0,0.0,5.0
0.0,3.0399999999999943,58.560402748258355,0.0,0.0,0.0,40.0
0.0,1.7500000000000007,44.2508235275154,0.0,0.0,0.0,77.0
0.0,3.549999999999991,46.674872336913644,0.0,0.0,0.0,39.0
0.0,1.9600000000000009,49.50412041829257,0.0,0.0,0.0,
0.0,3.6099999999999905,25.130025408156875,0.0,0.0,0.0,19.0
0.0,3.5799999999999907,38.056035435172085,0.0,0.0,0.0,58.0
0.0,2.0800000000000005,30.988753875272035,0.0,0.0,0.0,63.0
0.0,3.3099999999999925,39.108129186622456,0.0,0.0,0.0,
0.0,3.1599999999999935,63.51492541144535,0.0,0.0,0.0,78.0
0.0,3.6099999999999905,53.74620436238621,0.0,0.0,0.0,55.0
0.0,3.4899999999999913,54.51365217788739,0.0,0.0,0.0,39.0
0.0,2.1999999999999997,51.72241123478112,0.0,0.0,0.0,10.0
0.0,3.3399999999999923,38.048952277153866,0.0,0.0,0.0,76.0
0.0,3.399999999999992,42.400220470898326,0.0,0.0,0.0,38.0
0.0,3.4599999999999915,52.974039994925036,0.0,0.0,0.0,52.0
0.0,3.1899999999999933,37.98348153297953,0.0,0.0,0.0,87.0
0.0,3.2799999999999927,51.7069185405645,0.0,0.0,0.0,4.0
0.0,3.0099999999999945,50.917976636858995,0.0,0.0,0.0,
0.0,3.099999999999994,50.51243197460015,0.0,0.0,0.0,34.0
0.0,1.6300000000000006,59.37786287970948,0.0,0.0,0.0,88.0
0.0,2.6799999999999966,48.815560880485066,0.0,0.0,0.0,90.0
0.0,2.4099999999999984,52.17392031826354,0.0,0.0,0.0,80.0
0.0,3.519999999999991,27.457856596026023,0.0,0.0,0.0,97.0
0.0,3.0099999999999945,38.244969461697984,0.0,0.0,0.0,36.0
0.0,3.219999999999993,45.0830556896387,0.0,0.0,0.0,43.0
0.0,3.2799999999999927,53.12558407413025,0.0,0.0,0.0,9.0
0.0,3.1899999999999933,46.55839307798139,0.0,0.0,0.0,68.0
0.0,2.2299999999999995,71.58597182517425,0.0,0.0,0.0,93.0
0.0,3.399999999999992,45.23697289647688,0.0,0.0,0.0,79.0
0.0,3.4899999999999913,37.35717110148241,0.0,0.0,0.0,26.0
0.0,3.519999999999991,21.181252600821487,0.0,0.0,0.0,48.0
0.0,3.4299999999999917,42.96154745464115,0.0,0.0,0.0,58.0
0.0,1.3600000000000003,57.117721987325645,0.0,0.0,0.0,42.0
0.0,2.649999999999997,62.78051369072621,0.0,0.0,0.0,52.0
0.0,3.249999999999993,46.200155270022,0.0,0.0,0.0,52.0
0.0,3.5799999999999907,50.29610012262015,0.0,0.0,0.0,9.0
0.0,3.6399999999999904,44.024258339207044,0.0,0.0,0.0,46.0
0.0,3.6399999999999904,41.3500676518398,0.0,0.0,0.0,93.0
0.0,2.949999999999995,48.35465305950049,0.0,0.0,0.0,
0.0,3.4899999999999913,49.70055857871149,0.0,0.0,0.0,51.0
0.0,3.6399999999999904,48.04700033675075,0.0,0.0,0.0,85.0
0.0,3.6099999999999905,35.367056310811826,0.0,0.0,0.0,10.0
0.0,3.249999999999993,61.943177442979945,0.0,0.0,0.0,37.0
0.0,2.649999999999997,46.59541013343645,0.0,0.0,0.0,90.0
0.0,3.6099999999999905,36.663997139393864,0.0,0.0,0.0,25.0
0.0,2.799999999999996,57.38109365272775,0.0,0.0,0.0,21.0
0.0,1.12,44.26032788490654,0.0,0.0,0.0,25.0
0.0,2.499999999999998,30.26894080011073,0.0,0.0,0.0,88.0
0.0,1.09,53.781312888629465,0.0,0.0,0.0,10.0
0.0,3.1299999999999937,53.24690336376652,0.0,0.0,0.0,28.0
0.0,3.069999999999994,40.75903562547729,0.0,0.0,0.0,57.0
0.0,3.219999999999993,50.02279263133678,0.0,0.0,0.0,80.0
0.0,1.4500000000000004,57.29672428774711,0.0,0.0,0.0,42.0
0.0,2.289999999999999,48.35770963711054,0.0,0.0,0.0,67.0
0.0,2.17,43.56703674023752,0.0,0.0,0.0,36.0
0.0,3.519999999999991,53.73509574755433,0.0,0.0,0.0,59.0
0.0,3.6099999999999905,49.61480942787074,0.0,0.0,0.0,68.0
0.0,2.8599999999999954,47.902842631670524,0.0,0.0,0.0,62.0
0.0,3.069999999999994,57.15411111034368,0.0,0.0,0.0,49.0
0.0,3.6399999999999904,49.397635453225014,0.0,0.0,0.0,36.0
0.0,2.6799999999999966,51.255284005859444,0.0,0.0,0.0,52.0
0.0,3.1599999999999935,62.189326817206705,0.0,0.0,0.0,25.0
0.0,2.949999999999995,58.207498344880456,0.0,0.0,0.0,46.0
0.0,3.2799999999999927,44.02954812344427,0.0,0.0,0.0,55.0
0.0,3.6399999999999904,37.738798733261966,0.0,0.0,0.0,44.0
0.0,3.519999999999991,48.76757307690819,0.0,0.0,0.0,
0.0,3.4599999999999915,51.08586873482297,0.0,0.0,0.0,44.0
0.0,3.2799999999999927,41.10782911041526,0.0,0.0,0.0,
0.0,3.069999999999994,38.38424233623623,0.0,0.0,0.0,90.0
0.0,3.2799999999999927,26.014030541545452,0.0,0.0,0.0,48.0
0.0,3.6399999999999904,30.77287997181396,0.0,0.0,0.0,43.0
0.0,3.4899999999999913,47.752537443796605,0.0,0.0,0.0,
0.0,3.4299999999999917,37.598229576639724,0.0,0.0,0.0,32.0
0.0,3.4299999999999917,57.55463748347497,0.0,0.0,0.0,51.0
0.0,1.6300000000000006,56.148290319590686,0.0,0.0,0.0,95.0
0.0,3.4899999999999913,55.962932730998624,0.0,0.0,0.0,11.0
0.0,3.549999999999991,64.62660911595916,0.0,0.0,0.0,37.0
0.0,3.3099999999999925,42.55306468036231,0.0,0.0,0.0,86.0
0.0,2.2599999999999993,41.555737877551444,0.0,0.0,0.0,55.0
0.0,3.4299999999999917,46.33821111606704,0.0,0.0,0.0,77.0
0.0,3.5799999999999907,52.54860834606366,0.0,0.0,0.0,40.0
0.0,3.069999999999994,60.06371806673684,0.0,0.0,0.0,97.0
0.0,2.589999999999997,56.98967487161249,0.0,0.0,0.0,44.0
0.0,3.6099999999999905,49.708640780488246,0.0,0.0,0.0,39.0
0.0,3.069999999999994,51.0321460716729,0.0,0.0,0.0,36.0
0.0,1.7500000000000007,49.97333527659924,0.0,0.0,0.0,95.0
0.0,3.549999999999991,34.37751445207095,0.0,0.0,0.0,25.0
0.0,3.249999999999993,40.81974777260702,0.0,0.0,0.0,43.0
0.0,3.2799999999999927,41.47761576238749,0.0,0.0,0.0,34.0
0.0,3.0099999999999945,55.21642422778853,0.0,0.0,0.0,52.0
0.0,3.4899999999999913,39.84155846724612,0.0,0.0,0.0,95.0
0.0,1.12,56.47512257394513,0.0,0.0,0.0,10.0
0.0,3.399999999999992,34.14954984409316,0.0,0.0,0.0,40.0
0.0,3.219999999999993,38.70404050071646,0.0,0.0,0.0,90.0
0.0,3.4299999999999917,50.004799306860924,0.0,0.0,0.0,86.0
0.0,3.369999999999992,56.39732425422583,0.0,0.0,0.0,11.0
0.0,3.6399999999999904,37.815576430824144,0.0,0.0,0.0,47.0
0.0,3.1599999999999935,44.804028499803096,0.0,0.0,0.0,52.0
0.0,3.219999999999993,34.35073153918523,0.0,0.0,0.0,59.0
0.0,2.8599999999999954,31.392878088410985,0.0,0.0,0.0,40.0
0.0,3.3399999999999923,64.85566688076084,0.0,0.0,0.0,97.0
0.0,2.17,68.02301216067636,0.0,0.0,0.0,90.0
0.0,3.1599999999999935,53.86705451661226,0.0,0.0,0.0,97.0
0.0,3.2799999999999927,38.451062492521814,0.0,0.0,0.0,68.0
0.0,3.519999999999991,53.47262085599719,0.0,0.0,0.0,44.0
0.0,3.3399999999999923,43.93136267575818,0.0,0.0,0.0,46.0
0.0,2.1999999999999997,64.24014073562006,0.0,0.0,0.0,99.0
0.0,3.3399999999999923,65.95697233120036,0.0,0.0,0.0,57.0
0.0,1.1500000000000001,43.628435265431555,0.0,0.0,0.0,11.0
0.0,1.9600000000000009,55.79675682732521,0.0,0.0,0.0,39.0
0.0,1.06,62.21088572362939,0.0,0.0,0.0,26.0
0.0,1.2700000000000002,49.91844600108206,0.0,0.0,0.0,97.0
0.0,3.519999999999991,34.038882053765,0.0,0.0,0.0,95.0
0.0,3.6399999999999904,50.16806238785308,0.0,0.0,0.0,49.0
0.0,1.7800000000000007,58.69651968249303,0.0,0.0,0.0,92.0
0.0,3.519999999999991,41.22755253657794,0.0,0.0,0.0,6.0
0.0,2.0500000000000007,47.09077711912857,0.0,0.0,0.0,43.0
0.0,3.399999999999992,58.18019494875484,0.0,0.0,0.0,52.0
0.0,2.3499999999999988,41.94416400951123,0.0,0.0,0.0,67.0
0.0,3.549999999999991,32.86478341649925,0.0,0.0,0.0,88.0
0.0,1,41.714886264480114,0.0,0.0,0.0,97.0
0.0,3.3399999999999923,43.25918127683404,0.0,0.0,0.0,78.0
0.0,2.2599999999999993,44.55499282891334,0.0,0.0,0.0,67.0
0.0,3.6099999999999905,46.681975058741045,0.0,0.0,0.0,62.0
0.0,3.6099999999999905,50.06903730787857,0.0,0.0,0.0,51.0
0.0,3.6099999999999905,50.9576155978679,0.0,0.0,0.0,34.0
0.0,3.3099999999999925,38.37414218627418,0.0,0.0,0.0,28.0
0.0,3.4299999999999917,35.984119051969934,0.0,0.0,0.0,93.0
0.0,3.519999999999991,42.14903708981412,0.0,0.0,0.0,
0.0,2.8599999999999954,63.804412145681994,0.0,0.0,0.0,52.0
0.0,3.4899999999999913,32.63463069857477,0.0,0.0,0.0,92.0
0.0,3.6399999999999904,48.871421526206,0.0,0.0,0.0,25.0
0.0,3.6399999999999904,43.5813338822559,0.0,0.0,0.0,53.0
0.0,3.399999999999992,56.81189968606212,0.0,0.0,0.0,5.0
0.0,3.4599999999999915,41.59197758980078,0.0,0.0,0.0,45.0
0.0,3.3399999999999923,30.340521159926062,0.0,0.0,0.0,9.0
0.0,1.2400000000000002,62.22561706653785,0.0,0.0,0.0,8.0
0.0,3.519999999999991,56.70947532179876,0.0,0.0,0.0,40.0
0.0,1.9600000000000009,53.646525729648516,0.0,0.0,0.0,32.0
0.0,1.9900000000000009,57.59041392916476,0.0,0.0,0.0,42.0
0.0,1.7800000000000007,70.84471119604824,0.0,0.0,0.0,88.0
0.0,3.549999999999991,39.394577758063505,0.0,0.0,0.0,77.0
0.0,2.2299999999999995,41.64874469785698,0.0,0.0,0.0,63.0
0.0,1.9900000000000009,33.28046653768751,0.0,0.0,0.0,
0.0,3.3399999999999923,49.26364602321126,0.0,0.0,0.0,
0.0,2.919999999999995,32.90673340995239,0.0,0.0,0.0,90.0
0.0,3.5799999999999907,38.92120840182926,0.0,0.0,0.0,36.0
0.0,3.6399999999999904,31.997256650068085,0.0,0.0,0.0,84.0
0.0,1.9300000000000008,37.83759449637079,0.0,0.0,0.0,37.0
0.0,3.3399999999999923,45.50141758194566,0.0,0.0,0.0,11.0
0.0,3.1899999999999933,42.893582983526365,0.0,0.0,0.0,90.0
0.0,2.6799999999999966,32.348896864265924,0.0,0.0,0.0,8.0
0.0,3.5799999999999907,52.975284968649234,0.0,0.0,0.0,
0.0,3.519999999999991,45.336236382988325,0.0,0.0,0.0,47.0
0.0,3.3399999999999923,36.75227064051348,0.0,0.0,0.0,43.0
0.0,3.5799999999999907,49.61456427566795,0.0,0.0,0.0,56.0
0.0,3.5799999999999907,57.725574456727486,0.0,0.0,0.0,39.0
0.0,3.249999999999993,49.02271651433939,0.0,0.0,0.0,55.0
0.0,3.399999999999992,39.207426406088146,0.0,0.0,0.0,36.0
0.0,2.8299999999999956,32.06816307831653,0.0,0.0,0.0,95.0
0.0,3.6399999999999904,46.0881466320373,0.0,0.0,0.0,78.0
0.0,3.519999999999991,46.124497947625926,0.0,0.0,0.0,57.0
0.0,3.519999999999991,36.519742798154375,0.0,0.0,0.0,51.0
0.0,3.369999999999992,56.58973147543547,0.0,0.0,0.0,10.0
0.0,3.399999999999992,52.83507307428783,0.0,0.0,0.0,45.0
0.0,3.3399999999999923,49.72504509248539,0.0,0.0,0.0,38.0
0.0,3.549999999999991,31.376405257785787,0.0,0.0,0.0,43.0
0.0,2.949999999999995,35.242012332822796,0.0,0.0,0.0,86.0
0.0,3.549999999999991,46.122658322903995,0.0,0.0,0.0,40.0
0.0,2.3499999999999988,60.372760599811066,0.0,0.0,0.0,49.0
0.0,1.9600000000000009,33.05516341395001,0.0,0.0,0.0,6.0
0.0,1.5400000000000005,40.71032771674193,0.0,0.0,0.0,59.0
0.0,1.3600000000000003,36.991363375045225,0.0,0.0,0.0,68.0
0.0,1.3600000000000003,52.191264079457795,0.0,0.0,0.0,21.0
0.0,2.9799999999999947,36.96883242356478,0.0,0.0,0.0,36.0
0.0,3.369999999999992,65.38534540515143,0.0,0.0,0.0,95.0
0.0,2.1100000000000003,45.659834327078194,0.0,0.0,0.0,52.0
0.0,3.549999999999991,47.3684702650131,0.0,0.0,0.0,52.0
0.0,3.4599999999999915,37.84375242667095,0.0,0.0,0.0,63.0
0.0,3.5799999999999907,38.74015195930975,0.0,0.0,0.0,57.0
0.0,3.6399999999999904,66.48793354344124,0.0,0.0,0.0,52.0
0.0,3.549999999999991,32.12912932542409,0.0,0.0,0.0,80.0
0.0,2.949999999999995,31.524540912985508,0.0,0.0,0.0,45.0
0.0,3.6099999999999905,43.43424096975033,0.0,0.0,0.0,95.0
0.0,2.1999999999999997,46.62357748673506,0.0,0.0,0.0,24.0
0.0,3.3399999999999923,63.026041716135595,0.0,0.0,0.0,68.0
0.0,3.219999999999993,51.90309037431555,0.0,0.0,0.0,57.0
0.0,2.949999999999995,48.02174672971762,0.0,0.0,0.0,19.0
0.0,1.6300000000000006,47.33171890602952,0.0,0.0,0.0,34.0
0.0,3.249999999999993,51.38596117687284,0.0,0.0,0.0,57.0
0.0,2.5599999999999974,45.81399839447388,0.0,0.0,0.0,8.0
0.0,3.1899999999999933,50.0407328881683,0.0,0.0,0.0,57.0
0.0,2.0800000000000005,21.841171165437135,0.0,0.0,0.0,80.0
0.0,3.549999999999991,49.75410613619192,0.0,0.0,0.0,6.0
0.0,3.6399999999999904,35.88594005314664,0.0,0.0,0.0,99.0
0.0,3.519999999999991,51.53399352008027,0.0,0.0,0.0,78.0
0.0,1.6300000000000006,45.28698007162761,0.0,0.0,0.0,55.0
0.0,2.949999999999995,46.18246325597545,0.0,0.0,0.0,25.0
0.0,3.4899999999999913,46.47579481726627,0.0,0.0,0.0,24.0
0.0,2.0500000000000007,52.411845838636786,0.0,0.0,0.0,95.0
0.0,1.9000000000000008,54.19538143708169,0.0,0.0,0.0,88.0
0.0,3.519999999999991,55.60864735684743,0.0,0.0,0.0,85.0
0.0,3.6099999999999905,45.714742052408,0.0,0.0,0.0,24.0
0.0,1.4200000000000004,55.5318947071704,0.0,0.0,0.0,34.0
0.0,3.219999999999993,41.98263333129325,0.0,0.0,0.0,40.0
0.0,3.399999999999992,43.777984992659015,0.0,0.0,0.0,28.0
0.0,2.1999999999999997,40.12677845646595,0.0,0.0,0.0,45.0
0.0,3.6399999999999904,46.313256918331774,0.0,0.0,0.0,3.0
0.0,1.3300000000000003,53.142233290780844,0.0,0.0,0.0,94.0
0.0,3.5799999999999907,44.862447607730736,0.0,0.0,0.0,45.0
0.0,3.399999999999992,29.660437352772494,0.0,0.0,0.0,77.0
0.0,3.5799999999999907,30.821307778115262,0.0,0.0,0.0,32.0
0.0,2.3499999999999988,31.664796229272635,0.0,0.0,0.0,90.0
0.0,1.3000000000000003,45.28633655734573,0.0,0.0,0.0,25.0
0.0,3.6099999999999905,36.52094593569694,0.0,0.0,0.0,26.0
0.0,3.519999999999991,38.05208871942389,0.0,0.0,0.0,68.0
0.0,1.3300000000000003,55.57442223028001,0.0,0.0,0.0,84.0
0.0,2.3799999999999986,42.7262386838045,0.0,0.0,0.0,57.0
0.0,3.6099999999999905,38.31920247869914,0.0,0.0,0.0,84.0
0.0,3.6099999999999905,52.2607943818967,0.0,0.0,0.0,
0.0,1.4200000000000004,33.45618896593384,0.0,0.0,0.0,10.0
0.0,3.4299999999999917,65.24947303665923,0.0,0.0,0.0,5.0
0.0,2.3499999999999988,41.25891762627256,0.0,0.0,0.0,20.0
0.0,2.739999999999996,40.78524670301893,0.0,0.0,0.0,46.0
0.0,2.17,35.8574062127637,0.0,0.0,0.0,42.0
0.0,3.4599999999999915,65.8568374032095,0.0,0.0,0.0,95.0
0.0,1.2100000000000002,48.1534073108372,0.0,0.0,0.0,67.0
0.0,1.9900000000000009,65.75983665228496,0.0,0.0,0.0,92.0
0.0,3.1599999999999935,53.33987545114447,0.0,0.0,0.0,58.0
0.0,1.9900000000000009,38.990586279183816,0.0,0.0,0.0,39.0
0.0,2.14,45.58188492570826,0.0,0.0,0.0,99.0
0.0,3.519999999999991,41.389335149787684,0.0,0.0,0.0,46.0
0.0,2.739999999999996,34.653877375059665,0.0,0.0,0.0,62.0
0.0,3.1299999999999937,49.96917439223879,0.0,0.0,0.0,24.0
0.0,2.799999999999996,47.586370887988195,0.0,0.0,0.0,56.0
0.0,2.619999999999997,47.85785208670125,0.0,0.0,0.0,45.0
0.0,2.799999999999996,42.15455718195717,0.0,0.0,0.0,18.0
0.0,1.9600000000000009,34.83653816823045,0.0,0.0,0.0,52.0
0.0,3.6399999999999904,48.01944103098456,0.0,0.0,0.0,40.0
0.0,3.6099999999999905,49.34414394269315,0.0,0.0,0.0,58.0
0.0,3.4299999999999917,43.26331002773488,0.0,0.0,0.0,9.0
0.0,3.519999999999991,60.6678149365641,0.0,0.0,0.0,86.0
0.0,3.1599999999999935,38.84380882714181,0.0,0.0,0.0,40.0
0.0,3.099999999999994,48.755016871037846,0.0,0.0,0.0,68.0
0.0,3.6099999999999905,38.57798109993606,0.0,0.0,0.0,40.0
0.0,2.1999999999999997,45.59919973932764,0.0,0.0,0.0,55.0
0.0,2.319999999999999,20.073486631151457,0.0,0.0,0.0,95.0
0.0,3.6399999999999904,69.75829308868353,0.0,0.0,0.0,26.0
0.0,3.4899999999999913,64.19306061935248,0.0,0.0,0.0,9.0
0.0,3.5799999999999907,48.86480801875618,0.0,0.0,0.0,49.0
0.0,1.9600000000000009,46.93925789803985,0.0,0.0,0.0,21.0
0.0,3.549999999999991,61.37765871283662,0.0,0.0,0.0,21.0
0.0,3.6399999999999904,44.06869375244437,0.0,0.0,0.0,24.0
0.0,3.4899999999999913,50.20101733446883,0.0,0.0,0.0,8.0
0.0,3.1299999999999937,75.72066333862664,0.0,0.0,0.0,4.0
0.0,3.369999999999992,60.5763450365755,0.0,0.0,0.0,28.0
0.0,3.399999999999992,57.48484874277729,0.0,0.0,0.0,92.0
0.0,3.5799999999999907,60.9705141954195,0.0,0.0,0.0,42.0
0.0,1.09,52.85474358052831,0.0,0.0,0.0,5.0
0.0,3.519999999999991,39.31284291992438,0.0,0.0,0.0,93.0
0.0,2.319999999999999,44.565107621759516,0.0,0.0,0.0,88.0
0.0,3.099999999999994,45.36007872770525,0.0,0.0,0.0,9.0
0.0,3.069999999999994,53.5899493336631,0.0,0.0,0.0,
0.0,2.1100000000000003,58.93706660943844,0.0,0.0,0.0,42.0
0.0,1.8700000000000008,40.40114097424527,0.0,0.0,0.0,49.0
0.0,3.3099999999999925,32.6699628886372,0.0,0.0,0.0,8.0
0.0,3.4599999999999915,43.43731973352761,0.0,0.0,0.0,26.0
0.0,1.09,41.09752048768128,0.0,0.0,0.0,37.0
0.0,3.549999999999991,57.66737327213824,0.0,0.0,0.0,19.0
0.0,3.6099999999999905,38.763089327198614,0.0,0.0,0.0,20.0
0.0,1.09,52.652528097829595,0.0,0.0,0.0,11.0
0.0,3.1599999999999935,40.91118007916295,0.0,0.0,0.0,36.0
0.0,3.0399999999999943,40.50133510853286,0.0,0.0,0.0,80.0
0.0,3.1299999999999937,28.22449710742569,0.0,0.0,0.0,68.0
0.0,2.5599999999999974,39.61746044623924,0.0,0.0,0.0,80.0
0.0,3.6399999999999904,54.20773530200363,0.0,0.0,0.0,76.0
0.0,1.3900000000000003,51.93271632570561,0.0,0.0,0.0,67.0
0.0,2.2299999999999995,41.11056219816015,0.0,0.0,0.0,39.0
0.0,2.619999999999997,44.98738356869219,0.0,0.0,0.0,84.0
0.0,1.9300000000000008,41.462974825868294,0.0,0.0,0.0,68.0
0.0,3.399999999999992,48.689570430717765,0.0,0.0,0.0,55.0
0.0,3.4899999999999913,49.00411313105227,0.0,0.0,0.0,19.0
0.0,3.6099999999999905,48.27945615859193,0.0,0.0,0.0,6.0
0.0,1.4800000000000004,37.21062197580575,0.0,0.0,0.0,48.0
0.0,3.3399999999999923,32.00625838684,0.0,0.0,0.0,45.0
0.0,2.17,37.657629904299355,0.0,0.0,0.0,59.0
0.0,3.219999999999993,57.65335905278573,0.0,0.0,0.0,3.0
0.0,3.1899999999999933,35.134365775107526,0.0,0.0,0.0,32.0
0.0,1.7500000000000007,48.25410191426128,0.0,0.0,0.0,87.0
0.0,3.6099999999999905,39.15802670560119,0.0,0.0,0.0,77.0
0.0,2.14,51.17277446947628,0.0,0.0,0.0,56.0
0.0,3.6099999999999905,44.761318319882236,0.0,0.0,0.0,88.0
0.0,3.5799999999999907,41.28692814065217,0.0,0.0,0.0,25.0
0.0,3.549999999999991,51.78329704716185,0.0,0.0,0.0,36.0
0.0,3.0399999999999943,41.90702040159757,0.0,0.0,0.0,90.0
0.0,3.1599999999999935,37.78496294997132,0.0,0.0,0.0,
0.0,2.469999999999998,50.6350558659214,0.0,0.0,0.0,8.0
0.0,3.6399999999999904,43.59941898274498,0.0,0.0,0.0,39.0
0.0,3.3099999999999925,38.18695351560892,0.0,0.0,0.0,77.0
0.0,2.8299999999999956,42.12056123683255,0.0,0.0,0.0,68.0
0.0,2.9799999999999947,41.85914143235905,0.0,0.0,0.0,87.0
0.0,3.1299999999999937,53.692191055063766,0.0,0.0,0.0,52.0
0.0,3.6099999999999905,40.86402464470416,0.0,0.0,0.0,21.0
0.0,3.5799999999999907,32.13674374508214,0.0,0.0,0.0,97.0
0.0,1.7200000000000006,48.06777632187286,0.0,0.0,0.0,97.0
0.0,1.3900000000000003,50.711587749566114,0.0,0.0,0.0,78.0
0.0,2.469999999999998,43.23057883270874,0.0,0.0,0.0,46.0
0.0,3.2799999999999927,54.97996105026951,0.0,0.0,0.0,67.0
0.0,2.9799999999999947,43.03763831963287,0.0,0.0,0.0,62.0
0.0,3.399999999999992,44.205367349555104,0.0,0.0,0.0,24.0
0.0,3.549999999999991,56.5200603769636,0.0,0.0,0.0,34.0
0.0,2.469999999999998,39.252955753597945,0.0,0.0,0.0,80.0
0.0,3.4899999999999913,36.828451895960576,0.0,0.0,0.0,37.0
0.0,3.5799999999999907,38.678592827844206,0.0,0.0,0.0,34.0
0.0,3.3099999999999925,38.348973375669445,0.0,0.0,0.0,92.0
0.0,1.9300000000000008,54.92641552856608,0.0,0.0,0.0,45.0
0.0,1.6000000000000005,49.924247387818504,0.0,0.0,0.0,55.0
0.0,2.4099999999999984,49.416584062518645,0.0,0.0,0.0,79.0
0.0,3.219999999999993,55.00083122544159,0.0,0.0,0.0,55.0
0.0,2.9799999999999947,37.02164011815884,0.0,0.0,0.0,43.0
0.0,3.4599999999999915,46.54259470994728,0.0,0.0,0.0,97.0
0.0,2.4099999999999984,57.51550613040523,0.0,0.0,0.0,52.0
0.0,1.4800000000000004,43.70194018713582,0.0,0.0,0.0,67.0
0.0,2.3499999999999988,40.54546396877672,0.0,0.0,0.0,62.0
0.0,3.3399999999999923,67.8594797400616,0.0,0.0,0.0,21.0
0.0,3.1599999999999935,49.33034553760085,0.0,0.0,0.0,11.0
0.0,3.4899999999999913,42.18149715567727,0.0,0.0,0.0,4.0
0.0,2.2599999999999993,34.48637407494577,0.0,0.0,0.0,45.0
0.0,3.6399999999999904,64.51500116185697,0.0,0.0,0.0,
0.0,3.4599999999999915,40.60728013152363,0.0,0.0,0.0,48.0
0.0,2.469999999999998,38.83264654995949,0.0,0.0,0.0,48.0
0.0,3.099999999999994,45.889864003551544,0.0,0.0,0.0,37.0
0.0,3.3099999999999925,52.4007422032406,0.0,0.0,0.0,
0.0,1.9600000000000009,63.10397308151535,0.0,0.0,0.0,48.0
0.0,3.6099999999999905,33.09037954354646,0.0,0.0,0.0,5.0
0.0,2.949999999999995,61.23558200869611,0.0,0.0,0.0,49.0
0.0,3.4599999999999915,29.91163873957609,0.0,0.0,0.0,34.0
0.0,3.6399999999999904,41.09566080422573,0.0,0.0,0.0,21.0
0.0,3.399999999999992,38.96773352496335,0.0,0.0,0.0,57.0
0.0,1.9000000000000008,54.5631915588573,0.0,0.0,0.0,67.0
0.0,3.549999999999991,42.6756438437279,0.0,0.0,0.0,42.0
0.0,3.2799999999999927,45.85524084190122,0.0,0.0,0.0,3.0
0.0,3.6399999999999904,43.162101534940085,0.0,0.0,0.0,32.0
0.0,2.739999999999996,45.83702474750237,0.0,0.0,0.0,20.0
0.0,3.6099999999999905,61.42075547028881,0.0,0.0,0.0,79.0
0.0,3.3099999999999925,58.98656203015703,0.0,0.0,0.0,32.0
0.0,3.1599999999999935,61.02971387867841,0.0,0.0,0.0,45.0
0.0,1.8100000000000007,28.420604069675534,0.0,0.0,0.0,11.0
0.0,2.649999999999997,36.26632068105553,0.0,0.0,0.0,92.0
0.0,3.549999999999991,37.89808698905331,0.0,0.0,0.0,49.0
0.0,2.5299999999999976,49.090096572984265,0.0,0.0,0.0,48.0
0.0,3.4599999999999915,32.74052014452266,0.0,0.0,0.0,4.0
0.0,3.6399999999999904,52.85629432481374,0.0,0.0,0.0,38.0
0.0,1.2100000000000002,52.30422561853657,0.0,0.0,0.0,57.0
0.0,1.9600000000000009,58.02929580292839,0.0,0.0,0.0,37.0
0.0,1.6900000000000006,48.80329241463869,0.0,0.0,0.0,67.0
0.0,2.649999999999997,50.36710779119473,0.0,0.0,0.0,57.0
0.0,1.5100000000000005,60.889294345077076,0.0,0.0,0.0,67.0
0.0,3.549999999999991,41.95227099886589,0.0,0.0,0.0,76.0
0.0,3.5799999999999907,48.736924878288384,0.0,0.0,0.0,80.0
0.0,2.2599999999999993,47.39369327835195,0.0,0.0,0.0,79.0
0.0,3.369999999999992,47.14137179710828,0.0,0.0,0.0,9.0
0.0,3.4599999999999915,47.38198466674652,0.0,0.0,0.0,79.0
0.0,3.4899999999999913,57.36515247314626,0.0,0.0,0.0,63.0
0.0,2.319999999999999,45.19677762627881,0.0,0.0,0.0,28.0
0.0,3.4899999999999913,35.65099467257424,0.0,0.0,0.0,68.0
0.0,3.399999999999992,42.90374571854355,0.0,0.0,0.0,43.0
0.0,3.069999999999994,55.962902879480296,0.0,0.0,0.0,40.0
0.0,3.519999999999991,47.763749614948495,0.0,0.0,0.0,25.0
0.0,3.6099999999999905,49.746764974876385,0.0,0.0,0.0,86.0
0.0,2.649999999999997,35.77971553166489,0.0,0.0,0.0,24.0
0.0,1.5100000000000005,49.86508604917366,0.0,0.0,0.0,39.0
0.0,3.3399999999999923,51.385900239015335,0.0,0.0,0.0,24.0
0.0,2.319999999999999,28.166876983901528,0.0,0.0,0.0,80.0
0.0,2.919999999999995,38.257368908109996,0.0,0.0,0.0,67.0
0.0,2.8899999999999952,48.15224849918334,0.0,0.0,0.0,
0.0,3.5799999999999907,41.31192382617029,0.0,0.0,0.0,62.0
0.0,1.9900000000000009,40.15443915349798,0.0,0.0,0.0,9.0
0.0,1.3600000000000003,47.27134550601582,0.0,0.0,0.0,67.0
0.0,3.399999999999992,66.05757126224941,0.0,0.0,0.0,6.0
0.0,3.5799999999999907,38.07460357215974,0.0,0.0,0.0,92.0
0.0,3.4299999999999917,42.143233536918196,0.0,0.0,0.0,90.0
0.0,2.919999999999995,45.91047567277383,0.0,0.0,0.0,77.0
0.0,3.4899999999999913,46.58039179672124,0.0,0.0,0.0,49.0
0.0,2.9799999999999947,36.39565924963805,0.0,0.0,0.0,95.0
0.0,3.4599999999999915,52.39791096349103,0.0,0.0,0.0,56.0
0.0,3.549999999999991,36.22765121862636,0.0,0.0,0.0,95.0
0.0,3.369999999999992,49.541430949145315,0.0,0.0,0.0,25.0
0.0,3.6399999999999904,52.52898718539231,0.0,0.0,0.0,95.0
0.0,3.069999999999994,32.82091630761904,0.0,0.0,0.0,43.0
0.0,3.219999999999993,35.00444884664251,0.0,0.0,0.0,
0.0,2.1999999999999997,51.24833381355504,0.0,0.0,0.0,5.0
0.0,3.6099999999999905,67.02376095727242,0.0,0.0,0.0,97.0
0.0,2.4099999999999984,45.20874105000183,0.0,0.0,0.0,68.0
0.0,3.3399999999999923,47.80821166446928,0.0,0.0,0.0,
0.0,2.799999999999996,44.85775437183681,0.0,0.0,0.0,48.0
0.0,3.5799999999999907,19.049017392545483,0.0,0.0,0.0,99.0
0.0,2.1999999999999997,61.6283730408791,0.0,0.0,0.0,52.0
0.0,3.519999999999991,53.742165148873504,0.0,0.0,0.0,82.0
0.0,3.5799999999999907,72.89773303136113,0.0,0.0,0.0,63.0
0.0,3.2799999999999927,42.394065655137126,0.0,0.0,0.0,
0.0,3.4899999999999913,41.184296796932315,0.0,0.0,0.0,36.0
0.0,3.6099999999999905,38.125623472809515,0.0,0.0,0.0,48.0
0.0,3.4599999999999915,43.17012315438696,0.0,0.0,0.0,77.0
0.0,3.4599999999999915,51.25350226412631,0.0,0.0,0.0,
0.0,3.3399999999999923,44.23613128496209,0.0,0.0,0.0,55.0
0.0,3.1299999999999937,44.22822967801541,0.0,0.0,0.0,86.0
0.0,3.3099999999999925,55.84871934503384,0.0,0.0,0.0,46.0
0.0,3.3099999999999925,41.284547940042096,0.0,0.0,0.0,40.0
0.0,1,49.63385530271135,0.0,0.0,0.0,88.0
0.0,3.369999999999992,34.11285024409965,0.0,0.0,0.0,79.0
0.0,2.589999999999997,45.231556971877225,0.0,0.0,0.0,52.0
0.0,3.399999999999992,65.20053635063624,0.0,0.0,0.0,80.0
0.0,2.17,48.86653067968512,0.0,0.0,0.0,53.0
0.0,1.6000000000000005,36.97500971468135,0.0,0.0,0.0,99.0
0.0,2.2599999999999993,51.78291383809728,0.0,0.0,0.0,52.0
0.0,1.9300000000000008,48.50894203621425,0.0,0.0,0.0,40.0
0.0,3.4599999999999915,60.475646335259114,0.0,0.0,0.0,76.0
0.0,1.06,27.362575737151428,0.0,0.0,0.0,6.0
0.0,3.549999999999991,63.85456888368195,0.0,0.0,0.0,38.0
0.0,2.739999999999996,67.26393767159274,0.0,0.0,0.0,10.0
0.0,2.3499999999999988,51.66658552905137,0.0,0.0,0.0,43.0
0.0,1.5100000000000005,63.64950779552099,0.0,0.0,0.0,3.0
0.0,3.2799999999999927,60.816149121947646,0.0,0.0,0.0,11.0
0.0,1.3900000000000003,41.95875638361691,0.0,0.0,0.0,84.0
0.0,3.4299999999999917,38.911812692036456,0.0,0.0,0.0,68.0
0.0,3.4899999999999913,42.12995317313942,0.0,0.0,0.0,40.0
0.0,1.6900000000000006,50.93286432273205,0.0,0.0,0.0,9.0
0.0,3.6399999999999904,54.65506805009194,0.0,0.0,0.0,59.0
0.0,3.1599999999999935,36.482043411221234,0.0,0.0,0.0,57.0
0.0,1.3000000000000003,53.84622116952187,0.0,0.0,0.0,80.0
0.0,3.1899999999999933,38.688538954334895,0.0,0.0,0.0,4.0
0.0,1.3600000000000003,53.075940164741795,0.0,0.0,0.0,62.0
0.0,2.769999999999996,47.04143526197011,0.0,0.0,0.0,32.0
0.0,2.17,47.21156375250153,0.0,0.0,0.0,34.0
0.0,3.549999999999991,34.33968165970608,0.0,0.0,0.0,67.0
0.0,3.3099999999999925,53.289660953062366,0.0,0.0,0.0,11.0
0.0,3.6399999999999904,53.62676786632811,0.0,0.0,0.0,56.0
0.0,3.549999999999991,47.185733290812756,0.0,0.0,0.0,47.0
0.0,3.1599999999999935,36.760835661422846,0.0,0.0,0.0,99.0
0.0,3.1299999999999937,34.700005545499124,0.0,0.0,0.0,36.0
0.0,2.589999999999997,60.478262437963586,0.0,0.0,0.0,8.0
0.0,3.0099999999999945,55.48712549516357,0.0,0.0,0.0,90.0
0.0,1.9000000000000008,49.39912223521813,0.0,0.0,0.0,85.0
0.0,2.469999999999998,47.414627330632385,0.0,0.0,0.0,67.0
0.0,3.369999999999992,49.993409676267916,0.0,0.0,0.0,87.0
0.0,2.5599999999999974,29.557712546063026,0.0,0.0,0.0,4.0
0.0,3.519999999999991,32.90955491245137,0.0,0.0,0.0,42.0
0.0,1.6600000000000006,55.55989994864973,0.0,0.0,0.0,48.0
0.0,1.2400000000000002,46.17734703844923,0.0,0.0,0.0,97.0
0.0,2.7099999999999964,63.81482454390992,0.0,0.0,0.0,62.0
0.0,3.6399999999999904,62.717498411317024,0.0,0.0,0.0,
0.0,2.3799999999999986,38.846766723574845,0.0,0.0,0.0,67.0
0.0,3.249999999999993,34.571631592394056,0.0,0.0,0.0,
0.0,1.9300000000000008,44.42859262340625,0.0,0.0,0.0,92.0
0.0,2.0800000000000005,42.864740210728854,0.0,0.0,0.0,32.0
0.0,1.4500000000000004,32.60083940916701,0.0,0.0,0.0,76.0
0.0,3.6399999999999904,29.589595100783992,0.0,0.0,0.0,4.0
0.0,2.589999999999997,52.87856945284993,0.0,0.0,0.0,86.0
0.0,3.3099999999999925,37.435772621711074,0.0,0.0,0.0,21.0
0.0,3.6399999999999904,44.8845053466526,0.0,0.0,0.0,51.0
0.0,3.369999999999992,28.537701773965345,0.0,0.0,0.0,40.0
0.0,3.4599999999999915,62.13468973001028,0.0,0.0,0.0,8.0
0.0,3.4599999999999915,40.40869878937938,0.0,0.0,0.0,93.0
0.0,3.6099999999999905,42.17072218741753,0.0,0.0,0.0,4.0
0.0,3.549999999999991,48.24074219031373,0.0,0.0,0.0,18.0
0.0,2.499999999999998,53.61134485970866,0.0,0.0,0.0,67.0
0.0,1.6600000000000006,52.43448496857082,0.0,0.0,0.0,49.0
0.0,2.919999999999995,47.011894368411895,0.0,0.0,0.0,43.0
0.0,3.0399999999999943,33.89391240257251,0.0,0.0,0.0,36.0
0.0,1.7500000000000007,58.39304308908374,0.0,0.0,0.0,92.0
0.0,3.6099999999999905,39.384410292086415,0.0,0.0,0.0,
0.0,3.6099999999999905,46.918332967184455,0.0,0.0,0.0,45.0
0.0,2.469999999999998,35.2653438798705,0.0,0.0,0.0,42.0
0.0,1.1800000000000002,62.760303452120425,0.0,0.0,0.0,55.0
0.0,3.6099999999999905,33.356177883282484,0.0,0.0,0.0,42.0
0.0,1.7200000000000006,45.51349739681686,0.0,0.0,0.0,47.0
0.0,1.9000000000000008,55.60948409436008,0.0,0.0,0.0,86.0
0.0,3.6399999999999904,55.67899717075262,0.0,0.0,0.0,63.0
0.0,1.9000000000000008,61.91417147247169,0.0,0.0,0.0,21.0
0.0,1.12,40.195432723157154,0.0,0.0,0.0,94.0
0.0,3.249999999999993,30.25300043141367,0.0,0.0,0.0,25.0
0.0,2.1999999999999997,36.718661553895274,0.0,0.0,0.0,67.0
0.0,2.2599999999999993,43.00743233637686,0.0,0.0,0.0,76.0
0.0,3.5799999999999907,42.762366697802044,0.0,0.0,0.0,88.0
0.0,1.3900000000000003,42.41769135765237,0.0,0.0,0.0,55.0
0.0,3.6099999999999905,44.04586731464961,0.0,0.0,0.0,93.0
0.0,1.4800000000000004,52.98607156029793,0.0,0.0,0.0,92.0
0.0,3.519999999999991,53.344427112347574,0.0,0.0,0.0,36.0
0.0,1.09,34.408945130664506,0.0,0.0,0.0,97.0
0.0,3.4899999999999913,49.18881262944929,0.0,0.0,0.0,90.0
0.0,1.9900000000000009,51.59669589746488,0.0,0.0,0.0,59.0
0.0,3.5799999999999907,38.07808781666692,0.0,0.0,0.0,86.0
0.0,3.549999999999991,40.29595617415409,0.0,0.0,0.0,86.0
0.0,1.5400000000000005,58.68331068415975,0.0,0.0,0.0,4.0
0.0,3.549999999999991,27.14411938217099,0.0,0.0,0.0,10.0
0.0,3.4599999999999915,40.48062090643924,0.0,0.0,0.0,86.0
0.0,3.6099999999999905,51.15959259675235,0.0,0.0,0.0,56.0
0.0,2.619999999999997,39.217637221634455,0.0,0.0,0.0,52.0
0.0,3.4599999999999915,52.320260429943446,0.0,0.0,0.0,90.0
0.0,3.6099999999999905,31.875526538815837,0.0,0.0,0.0,47.0
0.0,3.6099999999999905,60.2104763174584,0.0,0.0,0.0,36.0
0.0,2.6799999999999966,34.31965095166358,0.0,0.0,0.0,40.0
0.0,2.739999999999996,52.75488730508235,0.0,0.0,0.0,95.0
0.0,2.289999999999999,49.17117334522758,0.0,0.0,0.0,76.0
0.0,3.399999999999992,31.89972124949057,0.0,0.0,0.0,11.0
0.0,3.2799999999999927,53.462352312468084,0.0,0.0,0.0,40.0
0.0,3.4899999999999913,46.21537790207254,0.0,0.0,0.0,56.0
0.0,3.6399999999999904,37.48817199538381,0.0,0.0,0.0,45.0
0.0,3.4299999999999917,53.10646763662336,0.0,0.0,0.0,78.0
0.0,3.6099999999999905,58.216643040615615,0.0,0.0,0.0,67.0
0.0,3.5799999999999907,32.051014667633574,0.0,0.0,0.0,48.0
0.0,2.4099999999999984,51.96722438666545,0.0,0.0,0.0,20.0
0.0,3.4299999999999917,39.31266891898568,0.0,0.0,0.0,56.0
0.0,2.9799999999999947,35.44013487455687,0.0,0.0,0.0,78.0
0.0,3.1599999999999935,37.50209344654894,0.0,0.0,0.0,86.0
0.0,3.6399999999999904,53.001268065767405,0.0,0.0,0.0,20.0
0.0,3.1299999999999937,33.65099879574038,0.0,0.0,0.0,40.0
0.0,3.4299999999999917,38.00466414541921,0.0,0.0,0.0,55.0
0.0,1.5100000000000005,30.210710200081365,0.0,0.0,0.0,26.0
0.0,3.1599999999999935,44.00840689385576,0.0,0.0,0.0,21.0
0.0,2.949999999999995,64.30688906755255,0.0,0.0,0.0,4.0
0.0,3.6399999999999904,23.828600058490046,0.0,0.0,0.0,55.0
0.0,1.9300000000000008,52.47698509284365,0.0,0.0,0.0,6.0
0.0,3.4299999999999917,44.67557234498684,0.0,0.0,0.0,42.0
0.0,2.9799999999999947,34.869698233051444,0.0,0.0,0.0,34.0
0.0,2.0800000000000005,51.81000767131518,0.0,0.0,0.0,95.0
0.0,1.06,77.18965540778986,0.0,0.0,0.0,68.0
0.0,3.5799999999999907,42.2945088290613,0.0,0.0,0.0,26.0
0.0,3.4299999999999917,33.20994965193155,0.0,0.0,0.0,36.0
0.0,3.249999999999993,50.76760128588671,0.0,0.0,0.0,32.0
0.0,3.5799999999999907,30.06239522232512,0.0,0.0,0.0,20.0
0.0,3.3399999999999923,52.2571471744599,0.0,0.0,0.0,3.0
0.0,2.2299999999999995,51.118898796395044,0.0,0.0,0.0,52.0
0.0,3.549999999999991,45.6653962001154,0.0,0.0,0.0,57.0
0.0,3.5799999999999907,41.77365088883827,0.0,0.0,0.0,19.0
0.0,3.4899999999999913,48.264052173093084,0.0,0.0,0.0,57.0
0.0,3.2799999999999927,32.394070802174696,0.0,0.0,0.0,39.0
0.0,3.6399999999999904,29.692311747315014,0.0,0.0,0.0,42.0
0.0,2.0500000000000007,48.17092070703644,0.0,0.0,0.0,47.0
0.0,3.6099999999999905,38.750018718002984,0.0,0.0,0.0,44.0
0.0,2.499999999999998,49.9362259861431,0.0,0.0,0.0,46.0
0.0,1.8400000000000007,48.86769114708318,0.0,0.0,0.0,48.0
0.0,1.12,49.860797919335475,0.0,0.0,0.0,46.0
0.0,3.6099999999999905,46.05073250455965,0.0,0.0,0.0,85.0
0.0,3.4599999999999915,37.66547147517218,0.0,0.0,0.0,68.0
0.0,3.219999999999993,54.63614726265248,0.0,0.0,0.0,77.0
0.0,1.6000000000000005,51.80900033693727,0.0,0.0,0.0,37.0
0.0,1.8400000000000007,52.865717206331276,0.0,0.0,0.0,90.0
0.0,3.249999999999993,52.51607262238175,0.0,0.0,0.0,48.0
0.0,2.14,42.04763695983787,0.0,0.0,0.0,88.0
0.0,2.769999999999996,61.47305304344832,0.0,0.0,0.0,10.0
0.0,2.020000000000001,50.726329694008186,0.0,0.0,0.0,67.0
0.0,3.249999999999993,41.06171514924434,0.0,0.0,0.0,40.0
0.0,3.519999999999991,40.612793634057894,0.0,0.0,0.0,39.0
0.0,2.2599999999999993,43.347466266896326,0.0,0.0,0.0,36.0
0.0,3.4299999999999917,46.907630110298165,0.0,0.0,0.0,95.0
0.0,3.5799999999999907,29.861292347604913,0.0,0.0,0.0,51.0
0.0,3.3099999999999925,71.4289131918179,0.0,0.0,0.0,55.0
0.0,3.069999999999994,48.04360272036719,0.0,0.0,0.0,77.0
0.0,1.4500000000000004,43.397402124554525,0.0,0.0,0.0,59.0
0.0,2.3799999999999986,49.887188419658216,0.0,0.0,0.0,47.0
0.0,2.8899999999999952,50.874588935914495,0.0,0.0,0.0,40.0
0.0,3.5799999999999907,59.3517398644601,0.0,0.0,0.0,11.0
0.0,3.549999999999991,43.42473466052443,0.0,0.0,0.0,87.0
0.0,3.4899999999999913,51.80848165160533,0.0,0.0,0.0,21.0
0.0,3.6099999999999905,55.50345170485146,0.0,0.0,0.0,28.0
0.0,3.549999999999991,39.435976672672766,0.0,0.0,0.0,99.0
0.0,2.8899999999999952,56.83796683382788,0.0,0.0,0.0,24.0
0.0,3.6399999999999904,53.31484081748175,0.0,0.0,0.0,58.0
0.0,3.6099999999999905,34.416743613053924,0.0,0.0,0.0,94.0
0.0,1.9900000000000009,49.753422073699,0.0,0.0,0.0,55.0
0.0,2.2599999999999993,47.56858689720484,0.0,0.0,0.0,37.0
0.0,2.319999999999999,47.05674923297787,0.0,0.0,0.0,79.0
0.0,2.8299999999999956,48.5284535314788,0.0,0.0,0.0,48.0
0.0,2.14,34.414402127590066,0.0,0.0,0.0,6.0
0.0,3.3099999999999925,42.58625693364379,0.0,0.0,0.0,78.0
0.0,2.5299999999999976,46.95833678639366,0.0,0.0,0.0,8.0
0.0,2.8899999999999952,52.957011654740604,0.0,0.0,0.0,36.0
0.0,3.399999999999992,44.2424097358044,0.0,0.0,0.0,95.0
0.0,3.6099999999999905,48.18479606059043,0.0,0.0,0.0,
0.0,3.4599999999999915,46.18155188611048,0.0,0.0,0.0,36.0
0.0,2.14,44.65166708869833,0.0,0.0,0.0,78.0
0.0,3.369999999999992,48.07040354307319,0.0,0.0,0.0,4.0
0.0,2.619999999999997,59.79759576481699,0.0,0.0,0.0,78.0
0.0,3.519999999999991,51.883467371311426,0.0,0.0,0.0,62.0
0.0,3.549999999999991,52.15047397588695,0.0,0.0,0.0,78.0
0.0,3.3399999999999923,68.17176499949645,0.0,0.0,0.0,49.0
0.0,1.3000000000000003,45.73718514719954,0.0,0.0,0.0,62.0
0.0,3.5799999999999907,48.65448312567236,0.0,0.0,0.0,77.0
0.0,2.6799999999999966,38.653832864846336,0.0,0.0,0.0,46.0
0.0,3.219999999999993,38.301091627590885,0.0,0.0,0.0,38.0
0.0,3.3099999999999925,39.39285175019706,0.0,0.0,0.0,76.0
0.0,1.5400000000000005,48.32250334649453,0.0,0.0,0.0,47.0
0.0,3.249999999999993,39.59075280061326,0.0,0.0,0.0,78.0
0.0,3.6099999999999905,49.46046206294746,0.0,0.0,0.0,78.0
0.0,3.2799999999999927,49.313666244181555,0.0,0.0,0.0,21.0
0.0,1.9000000000000008,46.31751572737565,0.0,0.0,0.0,62.0
0.0,2.8899999999999952,47.48959923077285,0.0,0.0,0.0,47.0
0.0,1.3000000000000003,41.10146080429065,0.0,0.0,0.0,84.0
0.0,1.9300000000000008,59.90289459996322,0.0,0.0,0.0,67.0
0.0,2.3799999999999986,54.214965484928825,0.0,0.0,0.0,88.0
0.0,1.9600000000000009,48.340411343336584,0.0,0.0,0.0,26.0
0.0,3.369999999999992,44.11210867556202,0.0,0.0,0.0,32.0
0.0,3.1299999999999937,51.2531956776419,0.0,0.0,0.0,42.0
0.0,3.399999999999992,39.22132440553849,0.0,0.0,0.0,
0.0,2.439999999999998,61.90994217834934,0.0,0.0,0.0,62.0
0.0,2.1100000000000003,68.14455137610938,0.0,0.0,0.0,56.0
0.0,1.9300000000000008,63.29858771146962,0.0,0.0,0.0,87.0
0.0,3.099999999999994,40.04088093495635,0.0,0.0,0.0,49.0
0.0,3.5799999999999907,43.099835213128614,0.0,0.0,0.0,93.0
0.0,2.6799999999999966,33.87121607869662,0.0,0.0,0.0,39.0
0.0,3.6399999999999904,42.240787484984644,0.0,0.0,0.0,97.0
0.0,1.8400000000000007,44.4952184009077,0.0,0.0,0.0,47.0
0.0,3.219999999999993,55.788064318583906,0.0,0.0,0.0,92.0
0.0,3.3399999999999923,44.75313355888011,0.0,0.0,0.0,86.0
0.0,3.2799999999999927,46.39792142171796,0.0,0.0,0.0,46.0
0.0,3.249999999999993,57.63682925638629,0.0,0.0,0.0,38.0
0.0,2.020000000000001,43.50408307622532,0.0,0.0,0.0,86.0
0.0,3.5799999999999907,37.68672932521673,0.0,0.0,0.0,53.0
0.0,3.4599999999999915,34.63982895495865,0.0,0.0,0.0,25.0
0.0,2.3799999999999986,59.29088908339084,0.0,0.0,0.0,21.0
0.0,3.6399999999999904,53.89889771563544,0.0,0.0,0.0,94.0
0.0,3.6399999999999904,52.667645221903875,0.0,0.0,0.0,10.0
0.0,3.4899999999999913,63.240375723815006,0.0,0.0,0.0,25.0
0.0,3.519999999999991,52.66173263657137,0.0,0.0,0.0,87.0
0.0,1.6000000000000005,33.46622863527769,0.0,0.0,0.0,95.0
0.0,3.549999999999991,48.401962789560905,0.0,0.0,0.0,
0.0,2.2599999999999993,45.390893110915194,0.0,0.0,0.0,63.0
0.0,3.4899999999999913,61.052746880854144,0.0,0.0,0.0,43.0
0.0,3.1599999999999935,52.40994418346607,0.0,0.0,0.0,
0.0,2.499999999999998,54.74054662079661,0.0,0.0,0.0,90.0
0.0,1.9900000000000009,50.73971645998131,0.0,0.0,0.0,47.0
0.0,3.6399999999999904,56.281249762463645,0.0,0.0,0.0,9.0
0.0,3.6099999999999905,44.43254460272262,0.0,0.0,0.0,57.0
0.0,2.8899999999999952,36.37546939399503,0.0,0.0,0.0,68.0
0.0,2.619999999999997,43.87802692932136,0.0,0.0,0.0,62.0
0.0,3.519999999999991,48.897376918677296,0.0,0.0,0.0,45.0
0.0,1.1800000000000002,50.8669089452467,0.0,0.0,0.0,52.0
0.0,2.8899999999999952,51.54808739601956,0.0,0.0,0.0,57.0
0.0,2.0800000000000005,53.99058553494451,0.0,0.0,0.0,48.0
0.0,3.519999999999991,49.0232913292376,0.0,0.0,0.0,37.0
0.0,2.949999999999995,63.40284893532326,0.0,0.0,0.0,57.0
0.0,1.5400000000000005,32.85905008457521,0.0,0.0,0.0,48.0
0.0,2.8899999999999952,34.29255762203009,0.0,0.0,0.0,77.0
0.0,3.2799999999999927,48.74185425704968,0.0,0.0,0.0,24.0
0.0,3.6399999999999904,57.33442953304545,0.0,0.0,0.0,37.0
0.0,1.9000000000000008,29.857940423549852,0.0,0.0,0.0,52.0
0.0,1.8700000000000008,45.98456183136956,0.0,0.0,0.0,95.0
0.0,1.7200000000000006,34.71157739083237,0.0,0.0,0.0,20.0
0.0,3.069999999999994,55.11608888376772,0.0,0.0,0.0,93.0
0.0,1.5400000000000005,37.190572536196775,0.0,0.0,0.0,11.0
0.0,2.3499999999999988,46.019416857421575,0.0,0.0,0.0,8.0
0.0,3.369999999999992,51.024919230505496,0.0,0.0,0.0,99.0
0.0,3.1899999999999933,51.18761262781601,0.0,0.0,0.0,40.0
0.0,3.4299999999999917,34.08848687492143,0.0,0.0,0.0,40.0
0.0,1.8700000000000008,59.396141496770184,0.0,0.0,0.0,86.0
0.0,3.5799999999999907,54.093583181294576,0.0,0.0,0.0,67.0
0.0,3.099999999999994,50.36194054566034,0.0,0.0,0.0,11.0
0.0,1.9000000000000008,46.757804946869165,0.0,0.0,0.0,11.0
0.0,3.3399999999999923,58.17671125013608,0.0,0.0,0.0,
0.0,3.1299999999999937,31.92451946226469,0.0,0.0,0.0,55.0
0.0,3.1599999999999935,47.0497669712577,0.0,0.0,0.0,68.0
0.0,2.8599999999999954,52.63982288739473,0.0,0.0,0.0,34.0
0.0,3.249999999999993,55.03480569071225,0.0,0.0,0.0,97.0
0.0,1.8100000000000007,44.26814189933105,0.0,0.0,0.0,68.0
0.0,1.6600000000000006,49.10648288694246,0.0,0.0,0.0,67.0
0.0,1.7200000000000006,32.406325950285904,0.0,0.0,0.0,10.0
0.0,3.6099999999999905,58.01068892097804,0.0,0.0,0.0,80.0
0.0,3.369999999999992,61.985875613160985,0.0,0.0,0.0,51.0
0.0,3.399999999999992,42.681217667628,0.0,0.0,0.0,93.0
0.0,3.369999999999992,46.362049479046945,0.0,0.0,0.0,39.0
0.0,3.6399999999999904,37.69828267237441,0.0,0.0,0.0,80.0
0.0,2.289999999999999,66.82731555726048,0.0,0.0,0.0,46.0
0.0,1.8100000000000007,51.651836785767486,0.0,0.0,0.0,3.0
0.0,3.5799999999999907,52.51500046770158,0.0,0.0,0.0,95.0
0.0,3.6099999999999905,70.91433811600032,0.0,0.0,0.0,3.0
0.0,3.5799999999999907,43.20091233970523,0.0,0.0,0.0,10.0
0.0,3.369999999999992,46.60040654515833,0.0,0.0,0.0,52.0
0.0,2.8899999999999952,45.3852916125267,0.0,0.0,0.0,32.0
0.0,3.4599999999999915,57.315592271696815,0.0,0.0,0.0,21.0
0.0,3.4599999999999915,26.189546246580225,0.0,0.0,0.0,80.0
0.0,3.1599999999999935,46.98240842310135,0.0,0.0,0.0,77.0
0.0,3.099999999999994,39.37088431077015,0.0,0.0,0.0,52.0
0.0,2.17,47.6039860224112,0.0,0.0,0.0,95.0
0.0,3.1899999999999933,42.84256514889432,0.0,0.0,0.0,52.0
0.0,3.549999999999991,43.92945601606067,0.0,0.0,0.0,11.0
0.0,3.399999999999992,55.614751164696145,0.0,0.0,0.0,10.0
0.0,2.919999999999995,45.7699709546872,0.0,0.0,0.0,78.0
0.0,1.6900000000000006,63.60075619957097,0.0,0.0,0.0,90.0
0.0,3.4899999999999913,43.086710036724526,0.0,0.0,0.0,99.0
0.0,3.549999999999991,57.31956100967463,0.0,0.0,0.0,9.0
0.0,2.7099999999999964,36.46604471223646,0.0,0.0,0.0,86.0
0.0,3.4899999999999913,44.223494264789,0.0,0.0,0.0,47.0
0.0,3.519999999999991,42.56878914521674,0.0,0.0,0.0,21.0
0.0,3.3099999999999925,30.08298460850752,0.0,0.0,0.0,47.0
0.0,2.949999999999995,36.779098309218455,0.0,0.0,0.0,80.0
0.0,3.519999999999991,57.33301909678225,0.0,0.0,0.0,24.0
0.0,3.4899999999999913,39.2941928062408,0.0,0.0,0.0,52.0
0.0,3.4599999999999915,51.77478881500734,0.0,0.0,0.0,9.0
0.0,2.439999999999998,52.70723827499454,0.0,0.0,0.0,11.0
0.0,3.6399999999999904,55.57226149502042,0.0,0.0,0.0,19.0
0.0,1.6600000000000006,44.42672406641029,0.0,0.0,0.0,5.0
0.0,2.7099999999999964,36.4228528011636,0.0,0.0,0.0,11.0
0.0,3.099999999999994,47.26083305567212,0.0,0.0,0.0,87.0
0.0,1.4800000000000004,47.31207197868283,0.0,0.0,0.0,6.0
0.0,3.4599999999999915,43.40965268237372,0.0,0.0,0.0,40.0
0.0,2.949999999999995,42.03066059577941,0.0,0.0,0.0,62.0
0.0,1.9900000000000009,43.12563534346731,0.0,0.0,0.0,68.0
0.0,3.5799999999999907,58.95085175007572,0.0,0.0,0.0,
0.0,3.519999999999991,51.21386744184451,0.0,0.0,0.0,34.0
0.0,2.9799999999999947,39.06702875142932,0.0,0.0,0.0,57.0
0.0,2.439999999999998,52.11725184245383,0.0,0.0,0.0,56.0
0.0,3.4299999999999917,47.688460654164366,0.0,0.0,0.0,57.0
0.0,3.4899999999999913,40.97801498110825,0.0,0.0,0.0,79.0
0.0,3.6399999999999904,53.17846394576573,0.0,0.0,0.0,8.0
0.0,3.519999999999991,55.28308596412196,0.0,0.0,0.0,10.0
0.0,2.8599999999999954,34.32487743553079,0.0,0.0,0.0,10.0
0.0,3.6099999999999905,53.98337456831398,0.0,0.0,0.0,11.0
0.0,3.3099999999999925,35.16113810878236,0.0,0.0,0.0,9.0
0.0,3.5799999999999907,55.61130348395841,0.0,0.0,0.0,52.0
0.0,3.3099999999999925,51.834945138242674,0.0,0.0,0.0,90.0
0.0,2.469999999999998,55.56066070215347,0.0,0.0,0.0,92.0
0.0,2.6799999999999966,49.44430125901869,0.0,0.0,0.0,92.0
0.0,3.549999999999991,63.725816531055315,0.0,0.0,0.0,56.0
0.0,1.3600000000000003,44.15796260754697,0.0,0.0,0.0,55.0
0.0,2.2299999999999995,43.05128810785175,0.0,0.0,0.0,99.0
0.0,1.6900000000000006,60.08634869855157,0.0,0.0,0.0,92.0
0.0,3.1299999999999937,40.219531869909375,0.0,0.0,0.0,78.0
0.0,3.6099999999999905,40.609895054030275,0.0,0.0,0.0,9.0
0.0,3.4899999999999913,54.094835236852475,0.0,0.0,0.0,88.0
0.0,2.919999999999995,53.27843751294762,0.0,0.0,0.0,95.0
0.0,3.6399999999999904,59.883988740072795,0.0,0.0,0.0,6.0
0.0,3.069999999999994,42.03973289538562,0.0,0.0,0.0,78.0
0.0,1.8700000000000008,60.10629167041455,0.0,0.0,0.0,79.0
0.0,1.6900000000000006,41.888156056958245,0.0,0.0,0.0,56.0
0.0,2.14,48.585636228371335,0.0,0.0,0.0,39.0
0.0,3.249999999999993,34.28189037991783,0.0,0.0,0.0,80.0
0.0,2.319999999999999,36.769019003118935,0.0,0.0,0.0,85.0
0.0,3.549999999999991,40.740364426507696,0.0,0.0,0.0,79.0
0.0,2.1100000000000003,44.8107664003963,0.0,0.0,0.0,76.0
0.0,3.369999999999992,26.476612842113646,0.0,0.0,0.0,44.0
0.0,2.8599999999999954,49.92744061963818,0.0,0.0,0.0,19.0
0.0,3.6399999999999904,51.71258520861022,0.0,0.0,0.0,77.0
0.0,3.369999999999992,49.7401754584689,0.0,0.0,0.0,78.0
0.0,3.1899999999999933,44.334290912283514,0.0,0.0,0.0,39.0
0.0,2.8599999999999954,63.78654138426573,0.0,0.0,0.0,24.0
0.0,1.7200000000000006,39.722562389934346,0.0,0.0,0.0,45.0
0.0,3.2799999999999927,51.917130578959764,0.0,0.0,0.0,79.0
0.0,3.1299999999999937,64.24823253192041,0.0,0.0,0.0,80.0
0.0,3.6399999999999904,50.49631486939051,0.0,0.0,0.0,82.0
0.0,3.2799999999999927,52.26029832521149,0.0,0.0,0.0,78.0
0.0,2.2599999999999993,45.67967441330299,0.0,0.0,0.0,42.0
0.0,3.6099999999999905,47.521894072189504,0.0,0.0,0.0,87.0
0.0,3.3399999999999923,43.09971168467062,0.0,0.0,0.0,77.0
0.0,3.399999999999992,31.83419221298081,0.0,0.0,0.0,
0.0,3.6399999999999904,56.51342919890983,0.0,0.0,0.0,57.0
0.0,3.6099999999999905,48.75333249764188,0.0,0.0,0.0,63.0
0.0,3.5799999999999907,55.789920489810385,0.0,0.0,0.0,21.0
0.0,2.1100000000000003,34.05129216346932,0.0,0.0,0.0,53.0
0.0,2.6799999999999966,42.12284140833354,0.0,0.0,0.0,37.0
0.0,2.0500000000000007,55.24182542142152,0.0,0.0,0.0,52.0
0.0,1.5700000000000005,74.03468626709702,0.0,0.0,0.0,92.0
0.0,3.5799999999999907,38.81543240846254,0.0,0.0,0.0,24.0
0.0,3.369999999999992,22.98238510284887,0.0,0.0,0.0,86.0
0.0,2.919999999999995,41.064103342608504,0.0,0.0,0.0,19.0
0.0,1.7200000000000006,63.654753820963904,0.0,0.0,0.0,85.0
0.0,3.5799999999999907,56.447613281409396,0.0,0.0,0.0,4.0
0.0,3.519999999999991,54.875133805812375,0.0,0.0,0.0,79.0
0.0,3.1899999999999933,56.91248558184169,0.0,0.0,0.0,34.0
0.0,3.519999999999991,45.14238521504543,0.0,0.0,0.0,52.0
0.0,3.4599999999999915,35.95440646063601,0.0,0.0,0.0,49.0
0.0,3.549999999999991,49.12659976244832,0.0,0.0,0.0,93.0
0.0,3.1899999999999933,50.756121833262505,0.0,0.0,0.0,9.0
0.0,3.519999999999991,61.39998048737522,0.0,0.0,0.0,4.0
0.0,3.3399999999999923,37.67728167225798,0.0,0.0,0.0,52.0
0.0,3.4599999999999915,31.49364499681815,0.0,0.0,0.0,57.0
0.0,3.369999999999992,31.312197166820468,0.0,0.0,0.0,6.0
0.0,3.519999999999991,51.43807666201574,0.0,0.0,0.0,9.0
0.0,3.6399999999999904,49.198032654350015,0.0,0.0,0.0,
0.0,2.1999999999999997,20.532884355551335,0.0,0.0,0.0,42.0
0.0,3.2799999999999927,57.5997810572478,0.0,0.0,0.0,57.0
0.0,3.099999999999994,41.37686387228795,0.0,0.0,0.0,20.0
0.0,3.6399999999999904,40.6110355009241,0.0,0.0,0.0,11.0
0.0,3.4899999999999913,31.887661086935072,0.0,0.0,0.0,80.0
0.0,1.9600000000000009,40.32490962386096,0.0,0.0,0.0,46.0
0.0,3.3099999999999925,53.29404270828198,0.0,0.0,0.0,56.0
0.0,1.6900000000000006,51.17987745830267,0.0,0.0,0.0,6.0
0.0,3.4299999999999917,41.881127652276945,0.0,0.0,0.0,39.0
0.0,3.6099999999999905,52.22773885198551,0.0,0.0,0.0,32.0
0.0,3.6399999999999904,33.97135460272143,0.0,0.0,0.0,88.0
0.0,3.4299999999999917,66.97467176839477,0.0,0.0,0.0,45.0
0.0,3.1899999999999933,53.38765315126136,0.0,0.0,0.0,55.0
0.0,3.0399999999999943,43.20492931767893,0.0,0.0,0.0,97.0
0.0,3.4899999999999913,42.40037075453233,0.0,0.0,0.0,45.0
0.0,3.369999999999992,46.29121867423988,0.0,0.0,0.0,68.0
0.0,3.4299999999999917,51.44032555216482,0.0,0.0,0.0,28.0
0.0,3.6099999999999905,69.79968520641252,0.0,0.0,0.0,92.0
0.0,3.0099999999999945,37.49551938924402,0.0,0.0,0.0,57.0
0.0,3.3099999999999925,42.276867457789066,0.0,0.0,0.0,79.0
0.0,3.0099999999999945,50.121638185326326,0.0,0.0,0.0,24.0
0.0,1.9600000000000009,40.33855051437158,0.0,0.0,0.0,59.0
0.0,2.8899999999999952,53.817525978788524,0.0,0.0,0.0,88.0
0.0,2.3499999999999988,38.03711255407658,0.0,0.0,0.0,86.0
0.0,2.14,60.57362653270638,0.0,0.0,0.0,90.0
0.0,2.2299999999999995,37.883265288109364,0.0,0.0,0.0,37.0
0.0,3.6099999999999905,67.37367970698374,0.0,0.0,0.0,49.0
0.0,1.3300000000000003,53.97233451192745,0.0,0.0,0.0,55.0
0.0,3.519999999999991,44.51091299969235,0.0,0.0,0.0,55.0
0.0,3.219999999999993,48.490713818045684,0.0,0.0,0.0,51.0
0.0,2.1100000000000003,56.188250704774035,0.0,0.0,0.0,4.0
0.0,3.5799999999999907,52.46151253808339,0.0,0.0,0.0,84.0
0.0,1.4800000000000004,49.97621065516828,0.0,0.0,0.0,20.0
0.0,3.6099999999999905,40.15172633015089,0.0,0.0,0.0,37.0
0.0,1.8700000000000008,41.58276311042602,0.0,0.0,0.0,4.0
0.0,3.3099999999999925,52.105084013840454,0.0,0.0,0.0,38.0
0.0,3.4599999999999915,45.383950199100425,0.0,0.0,0.0,46.0
0.0,3.549999999999991,48.150545142637355,0.0,0.0,0.0,51.0
0.0,3.5799999999999907,46.01714159495206,0.0,0.0,0.0,78.0
0.0,3.4299999999999917,34.24921323296081,0.0,0.0,0.0,43.0
0.0,1.8100000000000007,35.92852264435557,0.0,0.0,0.0,20.0
0.0,3.399999999999992,35.895367359727295,0.0,0.0,0.0,58.0
0.0,3.5799999999999907,48.032993994430534,0.0,0.0,0.0,28.0
0.0,3.369999999999992,44.60785060319151,0.0,0.0,0.0,19.0
0.0,1.3900000000000003,47.77838048866185,0.0,0.0,0.0,87.0
0.0,3.3399999999999923,58.821590945882086,0.0,0.0,0.0,93.0
0.0,3.249999999999993,50.75621504438752,0.0,0.0,0.0,11.0
0.0,2.3499999999999988,41.02709335521368,0.0,0.0,0.0,45.0
0.0,1.8100000000000007,68.0594807585407,0.0,0.0,0.0,39.0
0.0,1.8100000000000007,48.24616368015073,0.0,0.0,0.0,95.0
0.0,2.8299999999999956,50.0090413358194,0.0,0.0,0.0,55.0
0.0,1.4800000000000004,46.83831216426286,0.0,0.0,0.0,77.0
0.0,3.4899999999999913,58.00359555643689,0.0,0.0,0.0,97.0
0.0,3.6399999999999904,39.96365296579451,0.0,0.0,0.0,79.0
0.0,3.6099999999999905,40.40091761138317,0.0,0.0,0.0,38.0
0.0,2.1100000000000003,44.94918179057108,0.0,0.0,0.0,6.0
0.0,3.219999999999993,43.999150796114336,0.0,0.0,0.0,78.0
0.0,3.4899999999999913,36.70016359639294,0.0,0.0,0.0,67.0
